{
  "tag": "bert_base_cb_loss",
  "classes": [
    "admiração",
    "alegria",
    "alívio",
    "amor",
    "aprovação",
    "confusão",
    "constrangimento",
    "cuidado",
    "curiosidade",
    "decepção",
    "desaprovação",
    "desejo",
    "diversão",
    "empolgação",
    "gratidão",
    "irritação",
    "luto",
    "medo",
    "nervosismo",
    "neutro",
    "nojo",
    "orgulho",
    "otimismo",
    "percepção",
    "raiva",
    "remorso",
    "surpresa",
    "tristeza"
  ],
  "calibration": {
    "mode": "platt",
    "artifacts": {
      "0": {
        "a": 0.8579395600922111,
        "b": -0.08797726163242049
      },
      "1": {
        "a": 0.8843397229919286,
        "b": -0.026646502997852217
      },
      "2": {
        "a": 0.8212327370764649,
        "b": -0.9781327700970905
      },
      "3": {
        "a": 0.9176903615258052,
        "b": -0.15739934316635867
      },
      "4": {
        "a": 0.7998141350254893,
        "b": -0.12481681607922751
      },
      "5": {
        "a": 0.9602181853012035,
        "b": -0.07230536093353714
      },
      "6": {
        "a": 0.9513452857937524,
        "b": -0.3083959479751442
      },
      "7": {
        "a": 0.8183601988501021,
        "b": -0.4036237872541748
      },
      "8": {
        "a": 0.9884857658749892,
        "b": -0.012064804558817477
      },
      "9": {
        "a": 0.8640321037356441,
        "b": -0.1592352523078215
      },
      "10": {
        "a": 0.9056449064536733,
        "b": -0.059345433526018176
      },
      "11": {
        "a": 1.0031695456722223,
        "b": -0.030044659632051652
      },
      "12": {
        "a": 0.8740709810225926,
        "b": -0.14875669771623
      },
      "13": {
        "a": 0.8423121531678391,
        "b": -0.2005250634363708
      },
      "14": {
        "a": 0.9617789860759707,
        "b": -0.25524139503719495
      },
      "15": {
        "a": 0.8031951667588862,
        "b": -0.10892363803267631
      },
      "16": {
        "a": 1.029658344037816,
        "b": -0.6793066408297006
      },
      "17": {
        "a": 0.9069226330081904,
        "b": -0.3715730874518513
      },
      "18": {
        "a": 0.8923341458666239,
        "b": -0.5829343541663504
      },
      "19": {
        "a": 0.8419401840163704,
        "b": 0.26137370684970423
      },
      "20": {
        "a": 0.9615693434381796,
        "b": 0.058129023168106295
      },
      "21": {
        "a": 0.8991937153754915,
        "b": -0.7100069439746481
      },
      "22": {
        "a": 0.909879393750478,
        "b": -0.18609977818386025
      },
      "23": {
        "a": 0.8732704089614106,
        "b": -0.13812731659463848
      },
      "24": {
        "a": 0.8588431219522981,
        "b": -0.015514514779484822
      },
      "25": {
        "a": 1.020895104113979,
        "b": -0.43201787014681303
      },
      "26": {
        "a": 0.8596336068627887,
        "b": -0.32972431585909584
      },
      "27": {
        "a": 0.9646390329408646,
        "b": -0.017822081714079053
      }
    }
  },
  "sweep_cfg": {
    "beta": 2.0,
    "precision_floor": null,
    "cv_thresholds": 5,
    "regularize_lambda": 0.85,
    "topk_hybrid": 0,
    "precision_smooth_alpha": 1.0,
    "prevalence_cap": 3.0
  },
  "inputs": {
    "val_ytrue": "..\\outputs\\metrics\\bert_base_cb_loss_val_y_true.npy",
    "val_ylogits": "..\\outputs\\metrics\\bert_base_cb_loss_val_logits.npy",
    "test_ylogits": "..\\outputs\\metrics\\bert_base_cb_loss_test_y_logits.npy",
    "calibration_mode": "platt"
  }
}